0002_riccione_17_10_2020__12_03_51.png,maybe
0003_malcesine_19_10_2020__13_20_20.png,no
0004_nw_montalt_18_10_2020__11_04_11.png,yes
0007_nw_zacinto_20_10_2020__10_06_43.png,maybe
0008_nw_almerehaven_19_10_2020__13_20_27.png,yes
0009_nw_alvarmontseny_19_10_2020__13_42_36.png,no
0011_thuile_19_10_2020__13_42_31.png,maybe
0012_campegli_19_10_2020__17_21_04.png,yes
0013_campegli_17_10_2020__10_51_21.png,no
0014_nw_almerehaven_20_10_2020__16_24_58.png,yes
0015_nw_zacinto_19_10_2020__12_36_00.png,maybe
0016_nw_alpago_20_10_2020__16_04_11.png,yes
0017_nw_almerehaven_19_10_2020__13_57_18.png,yes
0018_albisola_20_10_2020__10_59_19.png,no
0019_nw_alpago_18_10_2020__11_18_59.png,no
0020_nw_almerehaven_18_10_2020__12_41_07.png,no
0021_nw_alvarmontseny_18_10_2020__17_11_05.png,no
0023_nw_montalt_19_10_2020__15_51_09.png,maybe
0024_riccione_16_10_2020__12_02_50.png,yes
0025_nw_dieeksepark_19_10_2020__14_33_48.png,maybe
0026_nw_veulettes_18_10_2020__17_03_46.png,yes
0027_nw_alvarmontseny_19_10_2020__11_50_03.png,maybe
0028_nw_veulettes2_19_10_2020__13_05_51.png,yes
0029_nw_zacinto_18_10_2020__11_26_24.png,no
0030_thuile2_17_10_2020__13_36_56.png,maybe
0031_nw_almerehaven_18_10_2020__15_42_41.png,no
0032_nw_dieeksepark_17_10_2020__17_50_01.png,no
0034_thuile2_20_10_2020__16_24_51.png,yes
0035_nw_zacinto_19_10_2020__15_58_30.png,no
0037_malcesine_18_10_2020__12_18_41.png,no
0038_malcesine_18_10_2020__14_42_18.png,yes
0040_bassano_17_10_2020__12_55_27.png,no
0041_nw_poperinge_18_10_2020__12_41_06.png,no
0043_thuile2_18_10_2020__15_42_32.png,yes
0045_thuile2_19_10_2020__11_57_19.png,yes
0046_campegli_20_10_2020__17_16_44.png,yes
0047_nw_alpago_20_10_2020__15_44_43.png,yes
0048_thuile2_20_10_2020__15_34_21.png,yes
0049_nw_poperinge_20_10_2020__10_17_56.png,yes
0050_thuile2_19_10_2020__13_05_40.png,no
0051_nw_zacinto_17_10_2020__17_13_09.png,no
0052_nw_montalt_19_10_2020__12_28_39.png,maybe
0053_nw_almerehaven_19_10_2020__13_05_52.png,yes
0054_torbole_17_10_2020__17_27_48.png,no
0055_rimini_17_10_2020__17_57_13.png,yes
0056_nw_poperinge_19_10_2020__15_28_49.png,maybe
0057_nw_alpago_17_10_2020__13_16_19.png,yes
0058_thuile2_18_10_2020__17_18_20.png,maybe
0059_riccione_19_10_2020__13_35_01.png,maybe
0061_nw_portodiandora_20_10_2020__16_14_29.png,yes
0062_rimini_18_10_2020__12_40_56.png,yes
0063_nw_alpago_19_10_2020__16_58_20.png,yes
0064_nw_portodiandora_19_10_2020__14_19_08.png,maybe
0065_nw_dieeksepark_18_10_2020__16_56_28.png,no
0066_nw_portodiandora_19_10_2020__16_28_47.png,maybe
0070_thuile2_16_10_2020__14_10_28.png,no
0072_albisola_18_10_2020__15_19_00.png,no
0073_albisola_17_10_2020__11_11_58.png,maybe
0074_campegli_16_10_2020__12_14_24.png,no
0075_rimini_18_10_2020__14_27_27.png,maybe
0076_nw_alpago_20_10_2020__16_14_27.png,yes
0077_nw_poperinge_19_10_2020__12_05_37.png,no
0079_bassano_18_10_2020__14_49_32.png,no
0080_nw_montalt_19_10_2020__16_06_15.png,maybe
0081_thuile_18_10_2020__11_18_55.png,yes
0084_nw_zacinto_17_10_2020__18_12_00.png,no
0085_nw_egypt_19_10_2020__15_51_01.png,yes
0086_nw_montalt_19_10_2020__15_21_27.png,maybe
0087_nw_alpago_20_10_2020__11_09_44.png,no
0090_thuile_20_10_2020__09_45_49.png,yes
0094_torbole_18_10_2020__15_26_21.png,no
0095_nw_veulettes2_18_10_2020__14_35_06.png,maybe
0096_nw_portodiandora_19_10_2020__12_58_25.png,maybe
0098_rimini_19_10_2020__11_34_58.png,maybe
0100_nw_veulettes2_17_10_2020__17_27_55.png,maybe
0101_rimini_20_10_2020__10_28_21.png,no
0105_albisola_20_10_2020__18_08_33.png,maybe
0106_nw_alpago_20_10_2020__12_24_11.png,no
0108_malcesine_19_10_2020__13_57_06.png,no
0109_rimini_19_10_2020__14_26_20.png,no
0111_nw_veulettes2_18_10_2020__16_49_04.png,maybe
0112_nw_zacinto_20_10_2020__14_52_35.png,maybe
0114_nw_dieeksepark_19_10_2020__11_20_22.png,maybe
0115_thuile_20_10_2020__14_52_25.png,yes
0116_rimini_17_10_2020__12_34_59.png,no
0117_rimini_19_10_2020__12_28_33.png,maybe
0119_thuile_18_10_2020__15_26_22.png,yes
0120_thuile_18_10_2020__16_19_28.png,yes
0123_riccione_19_10_2020__13_12_59.png,no
0125_nw_alpago_18_10_2020__12_55_54.png,no
0126_nw_veulettes2_17_10_2020__17_57_21.png,no
0127_nw_poperinge_19_10_2020__15_43_43.png,maybe
0128_nw_portodiandora_18_10_2020__16_41_35.png,no
0131_nw_alvarmontseny_20_10_2020__14_52_38.png,maybe
0135_nw_veulettes_18_10_2020__12_48_33.png,maybe
0138_nw_egypt_18_10_2020__14_27_34.png,no
0139_nw_alvarmontseny_18_10_2020__15_04_29.png,maybe
0140_nw_zacinto_20_10_2020__15_03_00.png,no
0143_bassano_17_10_2020__12_34_44.png,maybe
0145_nw_alvarmontseny_18_10_2020__15_19_09.png,no
0148_nw_montalt_19_10_2020__13_27_51.png,maybe
0153_campegli_16_10_2020__13_59_56.png,no
0156_nw_zacinto_17_10_2020__17_57_18.png,maybe
0159_bassano_17_10_2020__13_36_40.png,maybe
0160_nw_alpago_19_10_2020__11_49_59.png,no
0161_nw_alpago_18_10_2020__15_57_23.png,yes
0165_rimini_20_10_2020__16_45_28.png,no
0166_nw_almerehaven_20_10_2020__10_28_31.png,maybe
0167_nw_dieeksepark_19_10_2020__16_58_27.png,no
0169_nw_poperinge_18_10_2020__17_03_47.png,no
0170_nw_montalt_18_10_2020__15_50_03.png,no
0171_campegli_16_10_2020__13_49_29.png,no
0175_albisola_19_10_2020__13_42_27.png,yes
0176_thuile_19_10_2020__12_43_23.png,maybe
0178_rimini_19_10_2020__16_13_29.png,no
0181_rimini_17_10_2020__10_09_54.png,no
0182_nw_veulettes2_20_10_2020__12_34_45.png,no
0183_nw_zacinto_17_10_2020__15_44_15.png,no
0185_albisola_20_10_2020__09_56_06.png,no
0188_bassano_17_10_2020__17_13_01.png,no
0194_nw_almerehaven_19_10_2020__12_58_29.png,yes
0196_nw_zacinto_18_10_2020__11_04_09.png,maybe
0199_nw_dieeksepark_20_10_2020__16_04_16.png,maybe
0201_thuile_18_10_2020__11_41_19.png,yes
0202_nw_alpago_17_10_2020__13_47_14.png,yes
0204_nw_poperinge_18_10_2020__12_04_03.png,no
0205_rimini_19_10_2020__15_36_07.png,no
0206_nw_alvarmontseny_17_10_2020__17_20_36.png,maybe
0207_nw_alpago_20_10_2020__10_38_44.png,maybe
0212_rimini_16_10_2020__11_30_40.png,maybe
0215_nw_portodiandora_19_10_2020__12_50_55.png,maybe
0217_torbole_18_10_2020__16_34_09.png,no
0219_thuile2_18_10_2020__12_40_58.png,maybe
0220_campegli_17_10_2020__11_43_11.png,no
0221_malcesine_16_10_2020__12_56_25.png,no
0224_nw_veulettes_18_10_2020__11_11_35.png,no
0225_albisola_17_10_2020__16_58_04.png,no
0227_nw_zacinto_19_10_2020__14_26_24.png,no
0230_riccione_20_10_2020__10_28_20.png,no
0231_torbole_17_10_2020__10_51_18.png,no
0232_nw_poperinge_19_10_2020__14_04_33.png,maybe
0233_riccione_18_10_2020__11_33_41.png,maybe
0235_albisola_20_10_2020__12_55_21.png,no
0238_nw_poperinge_19_10_2020__12_58_28.png,maybe
0239_riccione_19_10_2020__15_50_53.png,no
0240_nw_alpago_17_10_2020__18_04_43.png,yes
0243_thuile_19_10_2020__15_21_21.png,no
0246_bassano_17_10_2020__13_05_44.png,no
0247_nw_montalt_20_10_2020__15_03_01.png,yes
0248_nw_montalt_19_10_2020__16_51_00.png,yes
0256_nw_poperinge_18_10_2020__11_34_02.png,no
0257_riccione_17_10_2020__13_57_28.png,maybe
0258_malcesine_20_10_2020__10_38_40.png,maybe
0259_nw_veulettes2_18_10_2020__15_57_27.png,yes
0260_riccione_18_10_2020__14_49_35.png,maybe
0277_nw_montalt_19_10_2020__14_04_31.png,maybe
0283_nw_poperinge_18_10_2020__15_04_30.png,no
0286_rimini_19_10_2020__13_57_04.png,no
0288_nw_montalt_19_10_2020__14_33_45.png,maybe
0289_nw_zacinto_18_10_2020__16_12_10.png,maybe
0291_nw_zacinto_17_10_2020__12_35_06.png,no
0296_albisola_18_10_2020__15_04_16.png,maybe
0297_nw_portodiandora_18_10_2020__14_27_37.png,no
0298_thuile_20_10_2020__10_17_30.png,yes
0299_nw_montalt_18_10_2020__15_33_57.png,no
0302_nw_dieeksepark_20_10_2020__16_35_18.png,maybe
0304_nw_montalt_19_10_2020__14_11_47.png,maybe
0333_nw_poperinge_20_10_2020__09_45_58.png,no
0339_campegli_17_10_2020__10_41_00.png,no
0343_nw_veulettes_18_10_2020__11_34_01.png,no
0344_torbole_20_10_2020__15_44_39.png,no
0346_nw_alvarmontseny_18_10_2020__15_57_26.png,maybe
0349_nw_poperinge_18_10_2020__11_26_28.png,no
0351_nw_dieeksepark_18_10_2020__14_49_51.png,maybe
0357_rimini_18_10_2020__11_56_12.png,no
0362_nw_zacinto_17_10_2020__14_50_23.png,no
0365_nw_poperinge_18_10_2020__16_26_57.png,no
0366_rimini_18_10_2020__09_52_39.png,no
0368_rimini_20_10_2020__18_18_56.png,no
0369_nw_montalt_20_10_2020__09_45_55.png,no
0372_nw_alvarmontseny_18_10_2020__14_57_06.png,no
0378_nw_alpago_17_10_2020__13_05_56.png,yes
0381_nw_montalt_19_10_2020__11_57_24.png,maybe
0382_nw_poperinge_19_10_2020__17_43_27.png,maybe
0384_nw_montalt_18_10_2020__12_18_49.png,maybe
0386_nw_egypt_17_10_2020__14_18_08.png,yes
0387_nw_veulettes_18_10_2020__14_27_40.png,no
0388_nw_veulettes2_18_10_2020__11_48_58.png,no
0390_albisola_18_10_2020__15_49_53.png,maybe
0392_nw_montalt_20_10_2020__09_56_15.png,no
0393_nw_alpago_18_10_2020__11_41_24.png,no
0397_nw_alpago_19_10_2020__16_21_18.png,yes
0402_albisola_16_10_2020__15_06_39.png,yes
0403_thuile_18_10_2020__15_57_19.png,yes
0404_thuile_18_10_2020__16_41_30.png,yes
0405_nw_egypt_17_10_2020__15_44_14.png,yes
0408_malcesine_17_10_2020__10_20_19.png,maybe
0409_nw_montalt_18_10_2020__12_11_23.png,no
0413_nw_montalt_18_10_2020__15_04_28.png,no
0417_nw_zacinto_20_10_2020__12_13_51.png,maybe
0425_nw_zacinto_17_10_2020__17_20_34.png,maybe
0428_nw_montalt_18_10_2020__17_03_45.png,no
0431_nw_alpago_18_10_2020__16_49_00.png,maybe
0432_thuile_19_10_2020__13_57_07.png,no
0433_nw_alpago_20_10_2020__15_23_51.png,maybe
0435_nw_alpago_20_10_2020__17_27_25.png,yes
0438_thuile_17_10_2020__11_43_09.png,yes
0439_torbole_18_10_2020__11_26_18.png,no
0440_nw_egypt_18_10_2020__11_41_23.png,maybe
0453_nw_veulettes2_17_10_2020__17_05_54.png,no
0455_nw_alvarmontseny_18_10_2020__14_42_25.png,maybe
0456_nw_alpago_18_10_2020__11_11_30.png,no
0459_nw_alvarmontseny_20_10_2020__16_56_03.png,no
0462_rimini_20_10_2020__17_06_17.png,no
0464_nw_veulettes2_18_10_2020__14_57_07.png,yes
0465_rimini_17_10_2020__13_36_48.png,yes
0466_nw_montalt_20_10_2020__17_58_23.png,yes
0467_nw_egypt_20_10_2020__15_55_05.png,yes
0468_malcesine_19_10_2020__16_43_24.png,no
0472_albisola_18_10_2020__15_33_37.png,no
0473_campegli_17_10_2020__12_45_18.png,no
0476_albisola_20_10_2020__18_18_54.png,no
0477_rimini_19_10_2020__16_36_01.png,no
0479_thuile_19_10_2020__13_13_03.png,no
0480_riccione_18_10_2020__16_26_46.png,no
0481_nw_alvarmontseny_17_10_2020__18_12_03.png,no
0484_nw_alpago_18_10_2020__16_26_52.png,yes
0485_rimini_18_10_2020__11_26_17.png,no
0486_riccione_20_10_2020__12_44_55.png,no
0487_campegli_17_10_2020__12_24_35.png,no
0489_nw_zacinto_20_10_2020__16_24_54.png,no
0491_nw_montalt_18_10_2020__12_48_31.png,no
0493_nw_veulettes_18_10_2020__12_56_02.png,maybe
0496_nw_zacinto_17_10_2020__13_57_36.png,no
0498_nw_veulettes_18_10_2020__11_04_12.png,no
0499_nw_dieeksepark_20_10_2020__17_48_09.png,maybe
0500_nw_montalt_20_10_2020__10_49_06.png,no
0501_albisola_18_10_2020__14_34_52.png,maybe
0502_riccione_19_10_2020__12_13_15.png,no
0503_nw_montalt_18_10_2020__14_20_07.png,no
0512_nw_veulettes2_17_10_2020__16_58_23.png,yes
0517_nw_alvarmontseny_20_10_2020__12_24_14.png,no
0518_nw_zacinto_19_10_2020__12_50_54.png,no
0519_bassano_17_10_2020__11_11_57.png,no
0520_nw_montalt_18_10_2020__15_11_52.png,no
0521_nw_montalt_19_10_2020__12_05_29.png,maybe
0524_rimini_17_10_2020__13_26_28.png,maybe
0538_albisola_16_10_2020__12_02_41.png,yes
0545_bassano_18_10_2020__17_18_13.png,no
0548_nw_egypt_20_10_2020__16_14_27.png,maybe
0551_nw_alpago_17_10_2020__15_10_59.png,yes
0552_rimini_17_10_2020__13_47_09.png,yes
0553_rimini_19_10_2020__12_58_12.png,maybe
0555_nw_veulettes2_18_10_2020__11_19_04.png,no
0556_albisola_19_10_2020__11_12_38.png,maybe
2217_riccione_17_10_2020__14_49_54.png,maybe
2218_rimini_18_10_2020__12_33_30.png,maybe
2220_nw_poperinge_19_10_2020__17_36_06.png,maybe
2221_riccione_18_10_2020__12_40_51.png,maybe
2223_albisola_19_10_2020__15_58_20.png,maybe
2224_thuile2_19_10_2020__13_13_03.png,no
2226_bassano_18_10_2020__12_55_40.png,no
2227_thuile2_18_10_2020__17_10_59.png,yes
2228_malcesine_19_10_2020__13_49_48.png,no
2229_nw_alvarmontseny_19_10_2020__17_36_03.png,maybe
2231_bassano_18_10_2020__14_34_51.png,no
2233_malcesine_17_10_2020__13_05_51.png,no
2234_nw_alvarmontseny_20_10_2020__10_49_07.png,no
2235_thuile_19_10_2020__15_28_42.png,maybe
2236_albisola_19_10_2020__17_28_19.png,no
2237_nw_dieeksepark_18_10_2020__12_48_35.png,maybe
2240_nw_dieeksepark_18_10_2020__15_11_55.png,maybe
2241_nw_veulettes2_19_10_2020__11_12_50.png,maybe
2243_nw_poperinge_20_10_2020__12_13_55.png,no
2244_nw_zacinto_20_10_2020__12_34_41.png,maybe
2245_campegli_17_10_2020__15_44_13.png,maybe
2246_nw_zacinto_18_10_2020__09_52_45.png,no
2248_nw_zacinto_20_10_2020__17_58_22.png,no
2249_albisola_17_10_2020__15_00_34.png,maybe
2251_nw_alvarmontseny_20_10_2020__12_55_33.png,no
2252_thuile_20_10_2020__17_37_39.png,yes
2254_nw_alvarmontseny_19_10_2020__13_49_54.png,yes
2255_malcesine_17_10_2020__14_39_06.png,no
2256_nw_zacinto_19_10_2020__14_04_30.png,no
2257_nw_alpago_20_10_2020__10_17_39.png,no
2259_nw_dieeksepark_18_10_2020__16_41_44.png,maybe
2260_torbole_19_10_2020__12_50_41.png,no
2263_nw_alpago_18_10_2020__12_41_01.png,no
2264_rimini_19_10_2020__14_04_25.png,no
2266_nw_alpago_17_10_2020__13_36_59.png,yes
2267_bassano_18_10_2020__10_00_04.png,maybe
2268_nw_egypt_19_10_2020__12_58_23.png,yes
2269_thuile2_19_10_2020__11_12_43.png,no
2270_nw_almerehaven_18_10_2020__16_04_53.png,no
2272_malcesine_18_10_2020__14_34_57.png,no
2274_nw_alpago_20_10_2020__17_37_42.png,yes
2275_nw_egypt_18_10_2020__16_19_30.png,yes
2276_nw_veulettes2_18_10_2020__15_50_05.png,yes
2278_bassano_17_10_2020__17_49_48.png,no
2280_nw_alvarmontseny_19_10_2020__11_20_18.png,maybe
2282_thuile2_19_10_2020__15_21_22.png,no
2283_torbole_19_10_2020__14_18_59.png,yes
2284_thuile_20_10_2020__12_13_47.png,yes
2287_nw_montalt_19_10_2020__14_19_09.png,maybe
2288_rimini_17_10_2020__11_22_27.png,no
2289_rimini_18_10_2020__12_48_17.png,maybe
2290_thuile_18_10_2020__15_33_42.png,yes
2291_nw_portodiandora_19_10_2020__11_57_23.png,maybe
2292_thuile2_16_10_2020__13_49_25.png,no
2293_nw_alpago_18_10_2020__14_42_22.png,maybe
2294_nw_dieeksepark_18_10_2020__12_11_31.png,maybe
2295_nw_alvarmontseny_18_10_2020__15_50_04.png,maybe
2296_nw_montalt_19_10_2020__16_13_48.png,maybe
2297_riccione_19_10_2020__15_21_18.png,no
2299_nw_alpago_17_10_2020__17_20_33.png,yes
2300_campegli_17_10_2020__11_12_09.png,no
2302_rimini_17_10_2020__11_01_35.png,no
2303_thuile2_20_10_2020__12_55_27.png,maybe
2304_nw_veulettes2_18_10_2020__09_52_49.png,no
2305_albisola_17_10_2020__11_22_22.png,yes
2306_nw_portodiandora_19_10_2020__15_36_13.png,no
2307_albisola_19_10_2020__13_57_02.png,yes
2310_thuile_19_10_2020__13_27_37.png,no
2312_campegli_16_10_2020__12_35_31.png,no
2313_rimini_19_10_2020__11_20_05.png,no
2315_thuile_19_10_2020__16_50_54.png,no
2316_thuile_17_10_2020__13_16_14.png,yes
2317_malcesine_17_10_2020__12_45_16.png,no
2318_bassano_18_10_2020__12_48_13.png,yes
2319_thuile2_19_10_2020__16_21_10.png,no
2320_rimini_20_10_2020__12_44_57.png,maybe
2321_campegli_17_10_2020__12_03_55.png,no
2322_bassano_17_10_2020__17_42_27.png,no
2323_bassano_18_10_2020__14_56_56.png,maybe
2325_thuile2_18_10_2020__15_11_47.png,maybe
2326_thuile_20_10_2020__17_27_22.png,yes
2327_nw_alpago_18_10_2020__09_45_22.png,no
2328_nw_alpago_18_10_2020__17_18_22.png,maybe
2330_nw_alpago_19_10_2020__15_43_38.png,yes
2331_malcesine_20_10_2020__17_48_00.png,no
2334_nw_veulettes_17_10_2020__17_05_54.png,no
2335_nw_dieeksepark_18_10_2020__12_26_13.png,maybe
2336_bassano_18_10_2020__17_03_33.png,no
2343_nw_montalt_19_10_2020__17_50_51.png,maybe
2344_riccione_18_10_2020__15_57_16.png,no
2348_nw_poperinge_19_10_2020__13_05_52.png,no
2349_nw_alvarmontseny_19_10_2020__15_21_27.png,maybe
2351_albisola_18_10_2020__12_25_58.png,no
2355_rimini_18_10_2020__16_04_40.png,no
2360_albisola_18_10_2020__11_26_14.png,no
2363_nw_montalt_19_10_2020__17_36_01.png,maybe
2365_nw_egypt_17_10_2020__13_57_34.png,yes
2366_nw_veulettes_18_10_2020__14_57_07.png,maybe
2367_nw_montalt_18_10_2020__12_41_04.png,no
2370_thuile_19_10_2020__13_05_40.png,no
2372_albisola_19_10_2020__16_43_20.png,no
2376_nw_egypt_20_10_2020__15_13_20.png,yes
2377_nw_alvarmontseny_18_10_2020__12_48_32.png,maybe
2378_campegli_16_10_2020__11_30_59.png,no
2379_campegli_17_10_2020__11_32_53.png,no
2382_nw_veulettes2_19_10_2020__13_20_26.png,maybe
2385_albisola_17_10_2020__13_47_06.png,maybe
2386_nw_montalt_18_10_2020__17_25_45.png,no
2387_rimini_19_10_2020__16_50_52.png,no
2388_nw_poperinge_18_10_2020__17_18_26.png,no
2396_bassano_17_10_2020__14_07_41.png,no
2401_nw_alvarmontseny_20_10_2020__15_55_12.png,no
2402_nw_almerehaven_19_10_2020__11_20_21.png,maybe
2404_malcesine_17_10_2020__14_07_46.png,maybe
2405_nw_alvarmontseny_19_10_2020__12_13_48.png,no
2408_albisola_17_10_2020__18_11_53.png,no
2411_thuile_20_10_2020__15_02_56.png,yes
2412_bassano_18_10_2020__13_03_10.png,no
2413_thuile_17_10_2020__14_07_46.png,yes
2414_nw_egypt_20_10_2020__10_59_25.png,yes
2415_nw_zacinto_18_10_2020__11_33_57.png,no
2418_rimini_17_10_2020__14_28_22.png,yes
2420_riccione_16_10_2020__13_59_40.png,yes
2421_campegli_20_10_2020__17_48_02.png,yes
2424_thuile_18_10_2020__14_34_57.png,yes
2425_nw_veulettes2_19_10_2020__16_06_17.png,maybe
2431_torbole_19_10_2020__13_13_02.png,no
2432_thuile2_17_10_2020__17_05_48.png,yes
2434_nw_alvarmontseny_19_10_2020__17_21_09.png,no
2435_thuile_19_10_2020__16_28_42.png,no
2437_rimini_20_10_2020__16_55_55.png,no
2441_rimini_17_10_2020__11_43_07.png,maybe
2442_nw_veulettes2_20_10_2020__12_45_13.png,maybe
2443_albisola_20_10_2020__15_54_55.png,yes
2447_nw_egypt_19_10_2020__16_13_39.png,yes
2448_nw_alpago_19_10_2020__17_13_33.png,yes
2450_nw_egypt_19_10_2020__13_49_51.png,yes
2452_thuile2_20_10_2020__16_35_10.png,yes
2456_nw_alpago_17_10_2020__18_19_30.png,yes
2459_nw_montalt_19_10_2020__11_20_18.png,no
2460_nw_egypt_17_10_2020__12_24_36.png,maybe
2463_albisola_18_10_2020__16_34_05.png,no
2467_nw_alpago_20_10_2020__12_03_29.png,no
2469_nw_montalt_18_10_2020__16_26_55.png,no
2471_nw_montalt_19_10_2020__12_43_28.png,maybe
2474_albisola_20_10_2020__16_04_03.png,yes
2479_nw_poperinge_18_10_2020__12_56_03.png,no
2482_albisola_19_10_2020__14_26_17.png,yes
2484_albisola_20_10_2020__16_35_04.png,yes
2486_albisola_16_10_2020__13_38_32.png,maybe
2489_nw_dieeksepark_19_10_2020__12_43_31.png,maybe
2491_rimini_16_10_2020__13_28_13.png,maybe
2492_nw_alpago_17_10_2020__14_07_50.png,yes
2493_nw_portodiandora_19_10_2020__17_43_23.png,yes
2494_nw_poperinge_20_10_2020__12_24_16.png,yes
2514_rimini_19_10_2020__13_42_29.png,maybe
2518_nw_egypt_20_10_2020__09_45_52.png,yes
2520_nw_veulettes_17_10_2020__18_12_04.png,no
2521_bassano_17_10_2020__17_20_20.png,maybe
2523_rimini_20_10_2020__15_02_51.png,no
2526_albisola_19_10_2020__11_05_12.png,no
2528_albisola_20_10_2020__17_37_35.png,yes
2533_albisola_19_10_2020__11_34_55.png,no
2538_campegli_16_10_2020__14_35_22.png,no
2545_nw_egypt_20_10_2020__12_45_01.png,no
2548_nw_alpago_18_10_2020__11_33_56.png,no
2550_nw_veulettes_18_10_2020__12_18_50.png,no
2559_nw_montalt_19_10_2020__11_50_02.png,maybe
2565_nw_alpago_18_10_2020__15_26_26.png,no
2569_nw_alvarmontseny_20_10_2020__16_45_43.png,no
2570_nw_veulettes2_18_10_2020__15_33_58.png,yes
2592_nw_portodiandora_18_10_2020__12_11_20.png,yes
2596_nw_alvarmontseny_18_10_2020__16_34_16.png,maybe
2597_bassano_18_10_2020__12_11_09.png,no
2615_nw_alvarmontseny_20_10_2020__10_38_47.png,no
2616_nw_montalt_17_10_2020__18_04_45.png,no
2631_nw_montalt_19_10_2020__11_42_40.png,maybe
2633_rimini_17_10_2020__14_07_45.png,yes
2634_nw_montalt_19_10_2020__12_58_27.png,yes
2640_albisola_16_10_2020__11_09_06.png,maybe
2641_nw_zacinto_18_10_2020__11_56_18.png,yes
2642_campegli_16_10_2020__12_56_38.png,no
2646_nw_veulettes2_18_10_2020__12_33_39.png,no
2648_nw_montalt_20_10_2020__18_19_03.png,maybe
2649_nw_alvarmontseny_17_10_2020__18_04_46.png,maybe
2652_rimini_17_10_2020__18_19_22.png,yes
2654_nw_alpago_17_10_2020__12_35_05.png,no
2655_nw_zacinto_20_10_2020__10_49_02.png,no
2657_thuile_17_10_2020__15_10_56.png,yes
2658_nw_dieeksepark_19_10_2020__17_28_42.png,no
2659_nw_veulettes_18_10_2020__12_04_02.png,no
2660_nw_montalt_19_10_2020__14_26_26.png,maybe
2661_albisola_19_10_2020__15_50_52.png,yes
2674_nw_veulettes2_20_10_2020__10_28_29.png,maybe
2682_nw_alvarmontseny_18_10_2020__11_11_33.png,no
2687_bassano_17_10_2020__14_17_56.png,maybe
2688_nw_alvarmontseny_18_10_2020__12_11_25.png,no
2691_nw_montalt_19_10_2020__11_27_45.png,maybe
2693_nw_poperinge_19_10_2020__16_21_24.png,yes
2695_nw_montalt_18_10_2020__17_11_04.png,no
2696_nw_poperinge_19_10_2020__16_58_26.png,maybe
2702_nw_alvarmontseny_18_10_2020__14_20_08.png,no
2703_albisola_16_10_2020__13_06_47.png,maybe
2704_nw_poperinge_19_10_2020__14_41_10.png,yes
2706_bassano_17_10_2020__12_03_48.png,no
2707_nw_dieeksepark_18_10_2020__11_56_31.png,maybe
2712_nw_egypt_18_10_2020__14_35_01.png,no
2713_nw_zacinto_18_10_2020__14_35_02.png,no
2715_bassano_17_10_2020__11_43_03.png,no
2719_nw_alpago_17_10_2020__12_55_39.png,maybe
2721_nw_alpago_19_10_2020__15_21_24.png,yes
2734_nw_zacinto_18_10_2020__14_49_41.png,no
2736_thuile_17_10_2020__12_55_34.png,yes
2738_albisola_19_10_2020__17_13_06.png,no
2740_albisola_18_10_2020__14_19_52.png,no
2742_nw_egypt_18_10_2020__16_04_45.png,yes
2743_nw_montalt_20_10_2020__12_24_14.png,yes
2745_thuile_18_10_2020__11_03_58.png,yes
2746_nw_alpago_18_10_2020__14_20_04.png,maybe
2748_thuile_17_10_2020__14_28_23.png,yes
2754_bassano_17_10_2020__11_01_32.png,no
2755_albisola_20_10_2020__18_29_13.png,no
2757_nw_alvarmontseny_17_10_2020__17_42_41.png,no
2759_nw_montalt_20_10_2020__10_38_46.png,no
2761_nw_montalt_19_10_2020__15_58_39.png,maybe
2764_nw_portodiandora_17_10_2020__18_12_01.png,maybe
2765_bassano_17_10_2020__18_11_52.png,no
2768_nw_montalt_18_10_2020__16_12_12.png,no
2771_albisola_19_10_2020__16_28_37.png,maybe
2773_nw_alvarmontseny_20_10_2020__16_04_13.png,no
2774_rimini_16_10_2020__12_24_48.png,maybe
2776_bassano_18_10_2020__09_45_03.png,maybe
2777_nw_egypt_19_10_2020__11_57_20.png,yes
2778_nw_alpago_19_10_2020__12_05_21.png,no
2783_nw_alvarmontseny_20_10_2020__15_03_02.png,no
2789_thuile_20_10_2020__12_44_59.png,yes
2793_nw_egypt_19_10_2020__15_58_27.png,yes
2795_nw_montalt_19_10_2020__11_05_23.png,maybe
2797_nw_alvarmontseny_19_10_2020__15_51_10.png,maybe
2803_rimini_16_10_2020__11_41_24.png,maybe
2804_nw_alvarmontseny_19_10_2020__12_28_40.png,maybe
2811_albisola_16_10_2020__11_19_45.png,maybe
2812_albisola_18_10_2020__12_33_27.png,no
2813_nw_alpago_18_10_2020__14_49_40.png,maybe
2936_thuile2_19_10_2020__14_11_43.png,no
2937_albisola_16_10_2020__13_27_49.png,maybe
2939_nw_alvarmontseny_19_10_2020__14_19_10.png,maybe
2940_nw_dieeksepark_19_10_2020__15_21_31.png,maybe
2941_nw_poperinge_20_10_2020__18_08_46.png,maybe
2942_nw_poperinge_17_10_2020__17_27_55.png,no
2943_campegli_19_10_2020__17_43_21.png,yes
2947_nw_alpago_19_10_2020__12_21_14.png,no
2948_campegli_16_10_2020__14_45_50.png,no
2951_thuile_18_10_2020__12_33_32.png,yes
2952_thuile_17_10_2020__14_50_06.png,yes
2955_nw_zacinto_17_10_2020__17_05_51.png,no
2959_torbole_20_10_2020__12_34_36.png,yes
2962_nw_alpago_18_10_2020__11_26_23.png,no
2964_thuile2_17_10_2020__10_30_35.png,no
2965_thuile_20_10_2020__12_24_08.png,maybe
2967_nw_portodiandora_17_10_2020__17_57_19.png,maybe
2968_nw_poperinge_19_10_2020__12_13_53.png,maybe
2969_nw_almerehaven_19_10_2020__16_58_27.png,maybe
2972_nw_veulettes2_20_10_2020__15_03_03.png,maybe
2973_thuile2_18_10_2020__16_48_57.png,maybe
2975_albisola_17_10_2020__12_55_29.png,maybe
2976_nw_alpago_20_10_2020__17_16_45.png,yes
2977_thuile_17_10_2020__12_03_53.png,yes
2978_albisola_20_10_2020__10_06_26.png,no
2980_bassano_17_10_2020__13_47_05.png,no
2981_torbole_18_10_2020__12_33_30.png,maybe
2983_nw_poperinge_19_10_2020__13_42_38.png,maybe
2984_nw_alpago_20_10_2020__17_58_21.png,yes
2985_nw_dieeksepark_18_10_2020__11_19_06.png,maybe
2986_thuile2_17_10_2020__11_22_30.png,no
2987_rimini_16_10_2020__11_09_20.png,yes
2988_torbole_19_10_2020__11_20_11.png,no
2989_nw_veulettes2_18_10_2020__12_41_06.png,no
2990_nw_zacinto_20_10_2020__15_23_51.png,no
2991_thuile2_18_10_2020__15_33_44.png,yes
2992_thuile2_20_10_2020__18_08_38.png,yes
2993_nw_egypt_18_10_2020__16_48_59.png,maybe
2994_nw_egypt_19_10_2020__12_50_53.png,yes
2996_nw_montalt_18_10_2020__14_42_24.png,no
3002_malcesine_17_10_2020__13_57_30.png,yes
3003_torbole_18_10_2020__15_04_22.png,maybe
3004_nw_zacinto_18_10_2020__12_11_19.png,no
3005_riccione_19_10_2020__17_28_21.png,yes
3006_nw_dieeksepark_19_10_2020__17_13_44.png,no
3008_campegli_18_10_2020__14_42_20.png,yes
3009_nw_veulettes2_18_10_2020__15_04_29.png,yes
3010_albisola_16_10_2020__12_24_37.png,yes
3012_thuile2_20_10_2020__17_06_19.png,maybe
3014_rimini_19_10_2020__14_18_58.png,no
3015_nw_montalt_19_10_2020__15_43_40.png,maybe
3016_nw_montalt_18_10_2020__11_41_26.png,no
3018_nw_montalt_17_10_2020__17_13_11.png,maybe
3019_nw_zacinto_18_10_2020__16_26_53.png,no
3021_thuile_17_10_2020__10_51_19.png,yes
3022_albisola_19_10_2020__12_58_05.png,no
3025_thuile2_19_10_2020__17_21_03.png,no
3028_nw_veulettes2_19_10_2020__12_58_28.png,yes
3030_malcesine_19_10_2020__17_21_02.png,no
3031_malcesine_16_10_2020__14_35_14.png,yes
3032_thuile2_20_10_2020__17_48_01.png,no
3035_rimini_17_10_2020__15_00_42.png,maybe
3036_nw_almerehaven_20_10_2020__16_45_45.png,maybe
3037_nw_alvarmontseny_20_10_2020__16_24_56.png,no
3043_malcesine_20_10_2020__17_06_18.png,yes
3044_thuile_18_10_2020__14_42_19.png,yes
3048_riccione_20_10_2020__15_44_37.png,no
3054_nw_alpago_19_10_2020__12_28_37.png,no
3055_thuile_20_10_2020__17_48_01.png,yes
3057_thuile2_16_10_2020__14_35_19.png,no
3058_riccione_19_10_2020__17_13_08.png,no
3063_nw_portodiandora_19_10_2020__11_20_17.png,no
3074_malcesine_16_10_2020__11_30_51.png,maybe
3076_nw_veulettes2_18_10_2020__16_04_51.png,yes
3077_nw_alvarmontseny_19_10_2020__15_58_40.png,yes
3078_rimini_19_10_2020__11_12_41.png,maybe
3079_nw_portodiandora_17_10_2020__17_13_10.png,maybe
3080_malcesine_18_10_2020__12_33_31.png,maybe
3081_nw_egypt_17_10_2020__13_26_33.png,maybe
3084_nw_veulettes_18_10_2020__15_33_58.png,yes
3086_nw_veulettes_17_10_2020__17_42_41.png,no
3090_malcesine_18_10_2020__11_18_55.png,no
3091_nw_alpago_17_10_2020__17_05_50.png,maybe
3097_riccione_17_10_2020__14_28_21.png,yes
3098_torbole_19_10_2020__15_36_08.png,maybe
3100_albisola_17_10_2020__18_19_19.png,no
3104_nw_alvarmontseny_18_10_2020__15_11_53.png,no
3111_nw_montalt_20_10_2020__16_04_13.png,no
3115_campegli_16_10_2020__13_07_07.png,no
3116_nw_montalt_20_10_2020__14_52_37.png,yes
3118_albisola_20_10_2020__15_02_47.png,yes
3122_thuile2_17_10_2020__13_26_31.png,maybe
3130_albisola_16_10_2020__11_41_09.png,yes
3138_nw_egypt_17_10_2020__10_41_04.png,yes
3157_bassano_18_10_2020__12_18_36.png,maybe
3161_riccione_17_10_2020__15_00_41.png,yes
3165_nw_alpago_19_10_2020__16_43_28.png,yes
3169_albisola_20_10_2020__16_24_38.png,yes
3173_thuile2_20_10_2020__14_52_26.png,no
3174_nw_egypt_17_10_2020__15_00_45.png,yes
3179_nw_egypt_20_10_2020__17_16_45.png,no
3184_nw_portodiandora_20_10_2020__15_23_52.png,maybe
3190_nw_alpago_19_10_2020__11_05_20.png,no
3202_nw_alpago_17_10_2020__12_45_21.png,yes
3204_thuile_20_10_2020__10_06_39.png,maybe
3207_albisola_17_10_2020__10_20_12.png,no
3214_nw_montalt_17_10_2020__17_49_57.png,maybe
3222_nw_alpago_17_10_2020__14_28_27.png,yes
3223_nw_almerehaven_19_10_2020__12_43_31.png,maybe
3230_rimini_17_10_2020__15_10_54.png,yes
3234_bassano_18_10_2020__15_18_59.png,maybe
3235_nw_veulettes2_20_10_2020__16_24_57.png,no
3237_albisola_17_10_2020__17_57_11.png,no
3238_thuile2_19_10_2020__12_28_35.png,no
3241_rimini_19_10_2020__15_58_23.png,no
3245_nw_alpago_20_10_2020__17_06_21.png,yes
3249_bassano_18_10_2020__12_25_58.png,no
3250_nw_alpago_20_10_2020__12_55_29.png,no
3256_riccione_20_10_2020__16_14_22.png,no
3259_albisola_20_10_2020__12_44_53.png,no
3261_thuile_19_10_2020__17_35_52.png,maybe
3262_nw_zacinto_18_10_2020__09_45_23.png,no
3267_bassano_17_10_2020__10_40_44.png,no
3269_thuile_19_10_2020__12_35_56.png,no
3273_thuile2_19_10_2020__14_40_57.png,no
3276_nw_almerehaven_20_10_2020__12_13_56.png,yes
3283_nw_alvarmontseny_19_10_2020__14_26_26.png,yes
3303_nw_montalt_18_10_2020__15_42_38.png,no
3304_rimini_17_10_2020__17_13_05.png,yes
3308_rimini_16_10_2020__14_35_11.png,no
3309_nw_poperinge_18_10_2020__15_26_31.png,no
3311_riccione_16_10_2020__14_45_33.png,yes
3314_nw_veulettes2_18_10_2020__16_19_35.png,yes
3320_albisola_16_10_2020__14_10_03.png,maybe
3323_nw_alvarmontseny_19_10_2020__14_04_31.png,yes
3327_thuile_18_10_2020__12_03_42.png,yes
3328_albisola_18_10_2020__16_12_01.png,maybe
3329_nw_veulettes2_18_10_2020__17_11_05.png,maybe
3344_thuile_19_10_2020__17_05_49.png,maybe
3350_thuile2_18_10_2020__11_56_14.png,no
3351_malcesine_16_10_2020__13_59_45.png,maybe
3358_albisola_20_10_2020__15_13_11.png,yes
3361_nw_zacinto_19_10_2020__12_05_24.png,no
3381_nw_zacinto_18_10_2020__15_19_07.png,maybe
3382_nw_alpago_17_10_2020__14_18_10.png,yes
3424_albisola_18_10_2020__12_11_10.png,no
3426_rimini_20_10_2020__15_44_38.png,no
3429_nw_zacinto_19_10_2020__13_27_50.png,maybe
3431_riccione_16_10_2020__14_24_40.png,yes
3436_nw_veulettes2_19_10_2020__11_57_26.png,maybe
3437_nw_montalt_18_10_2020__16_34_16.png,no
3438_thuile2_17_10_2020__14_39_10.png,maybe
3441_nw_veulettes_17_10_2020__16_58_23.png,no
3450_riccione_18_10_2020__15_42_28.png,maybe
3451_nw_veulettes_18_10_2020__17_18_25.png,yes
3452_nw_poperinge_20_10_2020__14_52_39.png,yes
3478_nw_alpago_18_10_2020__12_26_06.png,no
3482_nw_almerehaven_20_10_2020__15_34_29.png,yes
3483_nw_zacinto_19_10_2020__13_13_06.png,no
3494_nw_montalt_19_10_2020__11_12_48.png,maybe
3495_nw_montalt_18_10_2020__16_19_34.png,no
3496_nw_veulettes2_18_10_2020__16_26_57.png,yes
3499_nw_portodiandora_18_10_2020__11_19_01.png,maybe
3501_albisola_17_10_2020__14_38_51.png,maybe
3504_thuile_20_10_2020__12_34_37.png,yes
3505_malcesine_17_10_2020__12_55_34.png,yes
3543_rimini_20_10_2020__17_47_58.png,no
3546_nw_montalt_18_10_2020__12_26_09.png,no
3549_nw_montalt_20_10_2020__18_08_44.png,maybe
3552_nw_montalt_19_10_2020__12_36_01.png,maybe
3559_nw_alpago_18_10_2020__17_03_42.png,yes
3562_nw_dieeksepark_18_10_2020__15_04_32.png,maybe
3564_albisola_19_10_2020__16_50_49.png,no
3565_rimini_18_10_2020__11_11_25.png,yes
3566_riccione_19_10_2020__13_05_36.png,maybe
3569_nw_alpago_20_10_2020__15_55_08.png,maybe
3570_thuile_19_10_2020__12_21_11.png,no
3571_nw_poperinge_18_10_2020__12_33_40.png,maybe
3573_nw_alpago_20_10_2020__15_13_20.png,no
3575_nw_dieeksepark_18_10_2020__15_34_00.png,maybe
3582_nw_montalt_18_10_2020__16_04_49.png,no
3584_albisola_20_10_2020__17_58_14.png,maybe
3595_nw_montalt_17_10_2020__17_42_39.png,maybe
3614_thuile_19_10_2020__11_20_12.png,maybe
3619_albisola_19_10_2020__14_04_23.png,yes
3621_nw_portodiandora_19_10_2020__14_41_05.png,no
3622_nw_dieeksepark_17_10_2020__17_27_57.png,no
3623_malcesine_18_10_2020__12_26_03.png,no
3624_nw_zacinto_17_10_2020__15_11_00.png,yes
3625_albisola_16_10_2020__11_30_25.png,yes
3626_malcesine_20_10_2020__12_34_36.png,no
3627_nw_veulettes_18_10_2020__15_19_10.png,maybe
3629_nw_alvarmontseny_18_10_2020__12_33_38.png,no
3630_nw_veulettes2_20_10_2020__10_06_47.png,maybe
3631_torbole_17_10_2020__13_26_29.png,maybe
3632_rimini_17_10_2020__14_49_59.png,yes
3633_riccione_17_10_2020__18_04_29.png,yes
3634_bassano_17_10_2020__18_26_44.png,no
3635_nw_montalt_20_10_2020__17_06_23.png,no
3636_nw_montalt_20_10_2020__12_55_32.png,yes
3637_nw_veulettes_18_10_2020__17_25_46.png,maybe
3639_nw_veulettes2_20_10_2020__17_48_07.png,maybe
3641_nw_almerehaven_19_10_2020__13_42_39.png,maybe
3643_nw_almerehaven_20_10_2020__17_17_09.png,yes
3644_thuile2_17_10_2020__10_20_20.png,no
3645_nw_montalt_19_10_2020__16_43_33.png,yes
3647_nw_montalt_17_10_2020__16_58_22.png,maybe
3648_albisola_18_10_2020__16_41_26.png,no
3649_bassano_17_10_2020__17_27_44.png,no
3650_nw_dieeksepark_19_10_2020__12_28_43.png,maybe
3652_thuile2_16_10_2020__14_24_53.png,no
3653_bassano_18_10_2020__15_04_15.png,no
3654_torbole_18_10_2020__14_19_59.png,maybe
3655_nw_zacinto_18_10_2020__12_03_47.png,no
3656_riccione_17_10_2020__10_51_13.png,no
3657_riccione_17_10_2020__13_47_07.png,yes
3658_nw_egypt_20_10_2020__09_56_12.png,yes
3659_torbole_20_10_2020__14_52_25.png,no
3660_nw_zacinto_20_10_2020__11_09_45.png,no
3661_thuile2_19_10_2020__14_26_21.png,no
3664_riccione_18_10_2020__12_48_15.png,yes
3665_thuile_20_10_2020__15_44_40.png,no
3666_thuile_19_10_2020__15_58_25.png,no
3667_nw_portodiandora_17_10_2020__18_19_33.png,yes
3668_thuile_18_10_2020__16_12_06.png,yes
3670_rimini_17_10_2020__13_16_12.png,yes
3677_campegli_09_S11_2020__10_22_03.png,no
3679_campegli_10_S11_2020__09_45_05.png,no
3683_campegli_09_S11_2020__17_33_00.png,no
3684_campegli_09_S11_2020__15_26_34.png,maybe
3689_campegli_10_S11_2020__13_03_45.png,maybe
3690_campegli_09_S11_2020__09_36_49.png,maybe
3704_campegli_13_S11_2020__14_13_10.png,maybe
3728_campegli_09_S11_2020__16_15_45.png,no
3733_campegli_11_S11_2020__09_36_33.png,no
3735_campegli_13_S11_2020__12_05_54.png,no
3740_campegli_09_S11_2020__11_22_16.png,yes
3741_campegli_13_S11_2020__14_00_57.png,maybe
3758_campegli_13_S11_2020__14_25_12.png,yes
3766_campegli_13_S11_2020__14_37_15.png,maybe
3770_campegli_09_S11_2020__15_12_32.png,yes
3774_campegli_09_S11_2020__10_42_07.png,maybe
3778_campegli_09_S11_2020__10_12_00.png,no
3782_campegli_10_S11_2020__09_57_08.png,no
3783_campegli_13_S11_2020__13_48_54.png,maybe
3786_campegli_13_S11_2020__14_43_16.png,no
3790_campegli_09_S11_2020__10_01_58.png,maybe
3792_campegli_09_S11_2020__11_42_21.png,yes
3794_campegli_09_S11_2020__15_54_41.png,maybe
3801_campegli_09_S11_2020__10_37_06.png,yes
3805_campegli_13_S11_2020__11_35_47.png,yes
3808_campegli_13_S11_2020__13_54_56.png,yes
3809_campegli_11_S11_2020__11_36_11.png,no
3813_campegli_13_S11_2020__14_31_14.png,maybe
3816_campegli_13_S11_2020__13_12_37.png,yes
3817_campegli_10_S11_2020__12_15_33.png,no
3820_campegli_13_S11_2020__11_41_48.png,maybe
3834_campegli_09_S11_2020__17_11_57.png,no
3837_campegli_13_S11_2020__14_19_12.png,maybe
3839_campegli_13_S11_2020__11_59_53.png,maybe
3846_campegli_11_S11_2020__10_39_57.png,no
3848_campegli_13_S11_2020__11_05_34.png,yes
3861_campegli_09_S11_2020__11_17_15.png,yes
3873_campegli_09_S11_2020__11_07_12.png,yes
0557_torbole_20_10_2020__17_16_41.png,no
0558_nw_alvarmontseny_19_10_2020__17_43_25.png,yes
0561_nw_dieeksepark_18_10_2020__14_27_44.png,maybe
0563_nw_alvarmontseny_19_10_2020__13_20_25.png,maybe
0565_nw_alvarmontseny_20_10_2020__15_13_24.png,maybe
0566_albisola_19_10_2020__12_13_07.png,no
0567_nw_veulettes_18_10_2020__09_45_27.png,no
0568_riccione_17_10_2020__14_38_57.png,yes
0569_rimini_19_10_2020__11_27_33.png,no
0570_nw_zacinto_19_10_2020__17_35_57.png,yes
0571_nw_zacinto_18_10_2020__15_33_54.png,no
0574_nw_alvarmontseny_18_10_2020__11_48_52.png,no
0735_thuile_20_10_2020__11_09_41.png,yes
0736_nw_poperinge_18_10_2020__11_11_38.png,no
0738_nw_veulettes2_19_10_2020__11_05_25.png,yes
0739_nw_egypt_19_10_2020__16_06_11.png,yes
0740_nw_dieeksepark_19_10_2020__11_50_06.png,maybe
0742_thuile_20_10_2020__16_04_08.png,yes
0744_nw_zacinto_20_10_2020__12_24_12.png,maybe
0745_nw_portodiandora_19_10_2020__17_50_49.png,maybe
0746_torbole_19_10_2020__16_50_52.png,maybe
0747_bassano_17_10_2020__14_49_44.png,no
0748_thuile2_19_10_2020__13_27_37.png,no
0749_nw_dieeksepark_18_10_2020__11_41_31.png,maybe
0751_thuile2_20_10_2020__09_56_10.png,yes
0757_albisola_20_10_2020__15_34_03.png,yes
0758_nw_alpago_20_10_2020__12_45_02.png,no
0761_rimini_16_10_2020__12_35_19.png,yes
0763_rimini_20_10_2020__10_48_57.png,no
0766_nw_dieeksepark_20_10_2020__17_58_27.png,maybe
0767_campegli_18_10_2020__11_04_00.png,yes
0768_nw_alvarmontseny_18_10_2020__11_34_00.png,no
0769_nw_portodiandora_19_10_2020__13_13_06.png,no
0771_bassano_17_10_2020__18_19_17.png,no
0772_albisola_18_10_2020__11_33_38.png,no
0773_albisola_18_10_2020__11_48_37.png,yes
0774_nw_poperinge_20_10_2020__17_37_45.png,maybe
0777_nw_portodiandora_20_10_2020__16_45_41.png,maybe
0778_albisola_19_10_2020__15_43_25.png,yes
0780_torbole_17_10_2020__11_22_28.png,maybe
0782_riccione_18_10_2020__11_11_23.png,yes
0784_nw_alpago_19_10_2020__12_50_54.png,yes
0785_torbole_19_10_2020__14_26_20.png,maybe
0786_malcesine_20_10_2020__10_28_22.png,yes
0790_malcesine_20_10_2020__16_24_50.png,yes
0791_nw_zacinto_18_10_2020__12_55_55.png,no
0800_albisola_18_10_2020__14_42_15.png,no
0801_nw_portodiandora_18_10_2020__09_45_24.png,no
0802_campegli_18_10_2020__15_57_21.png,yes
0804_malcesine_18_10_2020__14_27_28.png,yes
0808_nw_alpago_19_10_2020__16_13_45.png,yes
0809_nw_alvarmontseny_18_10_2020__15_26_29.png,maybe
0810_campegli_20_10_2020__10_38_42.png,yes
0811_nw_zacinto_18_10_2020__12_26_07.png,no
0812_albisola_18_10_2020__12_18_37.png,maybe
0813_nw_alvarmontseny_19_10_2020__13_27_52.png,yes
0817_nw_alpago_19_10_2020__17_28_35.png,yes
0819_thuile_17_10_2020__17_49_52.png,yes
0822_nw_egypt_17_10_2020__13_05_54.png,yes
0827_rimini_18_10_2020__09_45_08.png,no
0828_rimini_19_10_2020__12_50_40.png,yes
0831_nw_veulettes_18_10_2020__11_48_58.png,no
0833_riccione_17_10_2020__18_11_55.png,yes
0834_rimini_17_10_2020__17_27_47.png,yes
0835_rimini_20_10_2020__10_38_39.png,no
0840_torbole_17_10_2020__14_18_02.png,no
0844_bassano_18_10_2020__17_25_33.png,no
0846_nw_zacinto_19_10_2020__11_20_16.png,yes
0859_nw_veulettes2_19_10_2020__11_50_04.png,yes
0863_nw_alvarmontseny_18_10_2020__11_26_27.png,no
0866_nw_montalt_18_10_2020__11_19_02.png,no
0872_nw_alvarmontseny_19_10_2020__14_33_45.png,no
0875_torbole_17_10_2020__12_34_59.png,maybe
0879_torbole_17_10_2020__11_01_39.png,yes
0880_nw_egypt_18_10_2020__12_41_01.png,yes
0883_nw_almerehaven_19_10_2020__15_28_50.png,yes
0885_nw_poperinge_17_10_2020__17_05_55.png,no
0888_nw_poperinge_19_10_2020__15_36_16.png,yes
0895_nw_portodiandora_18_10_2020__12_26_08.png,yes
0896_nw_dieeksepark_18_10_2020__11_26_30.png,yes
0898_nw_alvarmontseny_20_10_2020__12_45_10.png,maybe
0903_nw_montalt_20_10_2020__15_23_53.png,yes
0908_rimini_19_10_2020__17_50_43.png,no
0920_nw_portodiandora_20_10_2020__17_48_04.png,no
0925_torbole_17_10_2020__17_13_05.png,no
0932_riccione_20_10_2020__15_54_57.png,no
0936_nw_veulettes2_20_10_2020__15_13_25.png,yes
0938_bassano_18_10_2020__11_41_09.png,no
0941_nw_portodiandora_19_10_2020__12_21_19.png,maybe
0944_thuile_17_10_2020__17_20_29.png,yes
0945_rimini_17_10_2020__10_40_49.png,no
0948_malcesine_19_10_2020__16_50_53.png,no
0955_thuile2_19_10_2020__11_35_00.png,yes
0958_nw_alpago_18_10_2020__11_56_17.png,no
0959_nw_alpago_19_10_2020__17_05_52.png,no
0963_nw_montalt_20_10_2020__12_13_53.png,yes
0964_campegli_16_10_2020__14_10_39.png,no
0968_nw_montalt_18_10_2020__11_34_00.png,no
0973_nw_veulettes_18_10_2020__15_04_29.png,maybe
0974_nw_veulettes2_17_10_2020__17_42_42.png,maybe
0975_nw_veulettes2_18_10_2020__16_56_25.png,maybe
0976_campegli_17_10_2020__10_10_02.png,no
0983_nw_almerehaven_19_10_2020__16_28_51.png,maybe
0988_nw_zacinto_20_10_2020__16_45_41.png,no
0995_albisola_19_10_2020__11_57_12.png,yes
0998_malcesine_18_10_2020__11_56_13.png,no
1003_campegli_16_10_2020__14_56_33.png,no
1007_nw_alvarmontseny_19_10_2020__15_28_48.png,maybe
1008_nw_dieeksepark_17_10_2020__17_20_40.png,no
1010_rimini_16_10_2020__13_59_42.png,yes
1012_rimini_19_10_2020__16_28_40.png,no
1016_albisola_19_10_2020__13_49_44.png,yes
1017_malcesine_17_10_2020__15_10_55.png,maybe
1025_nw_veulettes2_19_10_2020__14_26_27.png,yes
1028_nw_poperinge_20_10_2020__11_09_48.png,maybe
1029_malcesine_20_10_2020__15_23_47.png,maybe
1030_riccione_19_10_2020__14_04_24.png,maybe
1031_thuile2_17_10_2020__14_07_47.png,yes
1036_torbole_17_10_2020__18_19_24.png,no
1037_thuile2_17_10_2020__12_24_34.png,no
1039_nw_egypt_19_10_2020__13_05_42.png,yes
1040_nw_egypt_17_10_2020__13_47_13.png,yes
1045_nw_alvarmontseny_18_10_2020__12_03_56.png,no
1051_nw_alpago_20_10_2020__12_34_40.png,no
1052_albisola_17_10_2020__12_03_49.png,maybe
1054_malcesine_18_10_2020__11_48_42.png,maybe
1065_nw_almerehaven_18_10_2020__14_57_08.png,no
1066_nw_zacinto_19_10_2020__12_28_38.png,no
1075_nw_egypt_20_10_2020__10_17_37.png,yes
1078_nw_almerehaven_19_10_2020__11_42_44.png,maybe
1080_rimini_20_10_2020__17_16_41.png,no
1081_nw_almerehaven_18_10_2020__17_18_27.png,no
1083_riccione_17_10_2020__17_35_13.png,yes
1084_torbole_16_10_2020__13_59_44.png,no
1088_monfalcone_16_10_2020__11_30_32.png,yes
1092_albisola_18_10_2020__11_18_51.png,no
1094_nw_poperinge_19_10_2020__13_35_21.png,maybe
1095_nw_veulettes2_18_10_2020__16_12_14.png,yes
1099_nw_montalt_19_10_2020__17_58_13.png,yes
1101_albisola_17_10_2020__13_36_41.png,yes
1102_nw_veulettes2_19_10_2020__14_11_48.png,yes
1105_nw_alpago_17_10_2020__14_50_20.png,yes
1110_campegli_18_10_2020__16_04_44.png,yes
1115_nw_dieeksepark_20_10_2020__12_24_18.png,no
1117_rimini_17_10_2020__15_44_10.png,yes
1120_torbole_17_10_2020__17_49_52.png,no
1121_nw_montalt_20_10_2020__12_34_43.png,yes
1123_campegli_20_10_2020__10_28_24.png,yes
1126_nw_veulettes2_19_10_2020__15_58_41.png,yes
1128_malcesine_18_10_2020__13_03_15.png,no
1134_nw_almerehaven_19_10_2020__12_50_59.png,maybe
1135_rimini_18_10_2020__12_03_40.png,yes
1138_nw_alpago_19_10_2020__12_58_24.png,yes
1141_nw_poperinge_18_10_2020__16_49_05.png,no
1142_albisola_17_10_2020__13_16_06.png,maybe
1143_nw_dieeksepark_17_10_2020__17_05_57.png,no
1148_thuile2_17_10_2020__18_04_31.png,yes
1154_thuile2_19_10_2020__14_04_27.png,no
1155_nw_montalt_18_10_2020__15_19_09.png,no
1156_nw_poperinge_18_10_2020__14_57_07.png,no
1157_albisola_18_10_2020__12_48_14.png,maybe
1158_nw_poperinge_19_10_2020__14_33_47.png,maybe
1159_nw_montalt_19_10_2020__13_49_54.png,maybe
1160_nw_portodiandora_18_10_2020__17_18_24.png,no
1161_torbole_18_10_2020__16_48_56.png,yes
1163_nw_alpago_17_10_2020__16_58_11.png,yes
1166_riccione_19_10_2020__11_05_14.png,no
1167_nw_egypt_17_10_2020__17_27_51.png,yes
1169_albisola_17_10_2020__17_13_02.png,no
1170_rimini_16_10_2020__14_56_07.png,no
1171_albisola_16_10_2020__14_55_57.png,maybe
1172_rimini_20_10_2020__10_06_38.png,no
1174_torbole_17_10_2020__13_05_50.png,maybe
1175_nw_montalt_18_10_2020__15_57_26.png,no
1176_nw_montalt_18_10_2020__12_33_38.png,no
1177_rimini_17_10_2020__12_55_32.png,no
1178_campegli_16_10_2020__11_09_36.png,no
1179_malcesine_19_10_2020__15_36_08.png,maybe
1180_thuile2_17_10_2020__12_14_18.png,no
1182_nw_zacinto_17_10_2020__14_39_23.png,maybe
1183_nw_dieeksepark_19_10_2020__16_28_52.png,no
1184_rimini_18_10_2020__12_18_40.png,yes
1188_rimini_20_10_2020__16_35_08.png,no
1189_nw_montalt_20_10_2020__15_44_45.png,maybe
1190_nw_zacinto_20_10_2020__15_34_25.png,no
1192_rimini_19_10_2020__11_05_15.png,no
1195_malcesine_17_10_2020__13_36_55.png,yes
1199_nw_veulettes_18_10_2020__15_26_30.png,yes
1200_nw_almerehaven_20_10_2020__11_09_49.png,yes
1202_nw_portodiandora_18_10_2020__12_03_48.png,maybe
1210_riccione_17_10_2020__15_44_09.png,yes
1211_nw_zacinto_19_10_2020__13_42_34.png,no
1213_malcesine_16_10_2020__11_52_04.png,maybe
1215_nw_egypt_19_10_2020__15_21_23.png,yes
1216_malcesine_19_10_2020__16_13_31.png,no
1217_albisola_17_10_2020__10_09_50.png,no
1218_albisola_17_10_2020__12_24_29.png,yes
1219_malcesine_16_10_2020__11_41_27.png,maybe
1221_nw_veulettes2_18_10_2020__12_48_33.png,no
1223_nw_alvarmontseny_18_10_2020__12_26_10.png,no
1226_nw_egypt_17_10_2020__11_32_55.png,yes
1227_campegli_17_10_2020__17_57_16.png,yes
1228_rimini_19_10_2020__16_58_15.png,no
1229_nw_dieeksepark_20_10_2020__12_34_47.png,no
1232_nw_zacinto_19_10_2020__12_21_15.png,maybe
1233_thuile2_18_10_2020__14_27_29.png,no
1237_nw_veulettes_18_10_2020__11_56_28.png,no
1238_nw_alvarmontseny_18_10_2020__16_04_50.png,maybe
1239_nw_alvarmontseny_20_10_2020__10_59_29.png,maybe
1240_nw_veulettes2_17_10_2020__18_19_36.png,no
1241_nw_zacinto_18_10_2020__11_11_31.png,no
1245_nw_portodiandora_19_10_2020__12_43_27.png,maybe
1246_bassano_18_10_2020__16_19_21.png,no
1248_nw_egypt_18_10_2020__12_26_06.png,maybe
1249_thuile2_20_10_2020__17_16_43.png,yes
1252_rimini_19_10_2020__12_05_02.png,yes
1253_nw_alpago_20_10_2020__10_06_42.png,no
1254_nw_poperinge_18_10_2020__16_19_36.png,no
1256_malcesine_20_10_2020__12_13_47.png,maybe
1257_thuile2_20_10_2020__16_14_25.png,maybe
1259_thuile_18_10_2020__15_49_57.png,yes
1260_torbole_16_10_2020__12_35_21.png,no
1261_nw_veulettes_18_10_2020__14_42_25.png,maybe
1262_thuile_19_10_2020__11_05_17.png,maybe
1263_bassano_17_10_2020__11_32_42.png,no
1264_rimini_20_10_2020__18_08_36.png,no
1266_nw_almerehaven_20_10_2020__09_45_58.png,yes
1268_albisola_20_10_2020__12_24_03.png,no
1269_nw_alpago_19_10_2020__14_26_24.png,yes
1270_nw_almerehaven_19_10_2020__17_50_54.png,maybe
1271_rimini_20_10_2020__16_24_42.png,no
1272_nw_montalt_20_10_2020__12_45_04.png,yes
1273_nw_zacinto_20_10_2020__10_28_26.png,no
1277_nw_zacinto_17_10_2020__17_35_18.png,no
1278_thuile2_19_10_2020__12_21_11.png,maybe
1279_rimini_16_10_2020__12_56_20.png,yes
1282_albisola_19_10_2020__13_05_35.png,maybe
1285_torbole_19_10_2020__13_05_39.png,no
1289_albisola_18_10_2020__16_19_22.png,yes
1292_nw_alpago_18_10_2020__12_03_46.png,no
1294_nw_portodiandora_19_10_2020__11_50_00.png,maybe
1295_campegli_18_10_2020__17_25_41.png,yes
1296_nw_montalt_20_10_2020__12_03_32.png,yes
1297_torbole_16_10_2020__11_41_26.png,yes
1299_nw_montalt_18_10_2020__11_48_51.png,maybe
1300_bassano_17_10_2020__10_09_49.png,no
1303_nw_alpago_20_10_2020__09_45_53.png,no
1305_albisola_18_10_2020__17_25_35.png,no
1322_nw_montalt_18_10_2020__13_03_21.png,no
1324_malcesine_20_10_2020__16_04_08.png,maybe
1325_nw_alpago_19_10_2020__11_35_03.png,no
1326_nw_veulettes_18_10_2020__15_50_04.png,maybe
1327_nw_zacinto_19_10_2020__14_11_46.png,no
1330_nw_poperinge_19_10_2020__17_50_53.png,maybe
1332_nw_poperinge_20_10_2020__15_55_13.png,no
1333_malcesine_19_10_2020__14_26_20.png,maybe
1334_rimini_18_10_2020__12_11_13.png,maybe
1339_bassano_18_10_2020__16_26_44.png,no
1341_torbole_18_10_2020__11_33_49.png,maybe
1364_nw_zacinto_19_10_2020__11_27_44.png,no
1365_nw_egypt_17_10_2020__14_39_15.png,maybe
1381_nw_alvarmontseny_18_10_2020__16_19_34.png,no
1382_rimini_19_10_2020__16_43_23.png,no
1401_nw_montalt_20_10_2020__16_24_55.png,maybe
1417_albisola_18_10_2020__11_03_53.png,no
1425_rimini_18_10_2020__17_18_18.png,no
1426_nw_alpago_17_10_2020__11_53_42.png,no
1468_nw_almerehaven_19_10_2020__15_51_12.png,maybe
1472_nw_poperinge_19_10_2020__14_26_28.png,maybe
1473_nw_almerehaven_19_10_2020__16_21_25.png,yes
1476_nw_egypt_18_10_2020__09_52_44.png,yes
1477_nw_portodiandora_18_10_2020__12_18_48.png,yes
1481_rimini_19_10_2020__17_28_22.png,no
1482_torbole_16_10_2020__13_49_20.png,maybe
1483_thuile_17_10_2020__17_27_48.png,yes
1484_nw_alvarmontseny_17_10_2020__18_19_34.png,maybe
1485_nw_veulettes2_20_10_2020__12_24_15.png,maybe
1486_nw_alvarmontseny_18_10_2020__16_41_37.png,maybe
1487_rimini_19_10_2020__17_35_51.png,no
1488_rimini_18_10_2020__12_26_01.png,maybe
1489_nw_portodiandora_20_10_2020__17_06_22.png,maybe
1491_nw_dieeksepark_19_10_2020__13_42_39.png,maybe
1493_nw_egypt_18_10_2020__12_48_28.png,yes
1494_malcesine_19_10_2020__15_28_41.png,maybe
1495_rimini_20_10_2020__09_56_08.png,no
1498_albisola_19_10_2020__11_19_58.png,no
1499_nw_veulettes_17_10_2020__17_20_37.png,no
1502_nw_alvarmontseny_19_10_2020__12_21_23.png,maybe
1504_nw_alvarmontseny_19_10_2020__16_36_10.png,no
1505_albisola_18_10_2020__14_27_19.png,no
1506_rimini_17_10_2020__17_05_46.png,yes
1508_bassano_18_10_2020__11_03_52.png,no
1509_nw_alpago_17_10_2020__13_57_35.png,yes
1510_riccione_16_10_2020__13_27_58.png,maybe
1515_nw_montalt_18_10_2020__09_52_47.png,no
1516_nw_montalt_20_10_2020__10_06_45.png,no
1517_albisola_18_10_2020__15_57_14.png,maybe
1520_nw_alpago_19_10_2020__12_35_59.png,no
1523_nw_zacinto_17_10_2020__13_26_35.png,no
1528_nw_alvarmontseny_18_10_2020__16_49_03.png,yes
1531_torbole_17_10_2020__14_39_04.png,maybe
1533_riccione_20_10_2020__10_17_15.png,no
1534_nw_zacinto_17_10_2020__13_16_19.png,maybe
1535_nw_poperinge_19_10_2020__13_57_17.png,no
1537_nw_alpago_19_10_2020__16_50_57.png,yes
1546_nw_veulettes2_18_10_2020__11_26_27.png,no
1548_thuile_18_10_2020__16_04_42.png,yes
1550_nw_veulettes2_18_10_2020__11_56_29.png,no
1553_nw_montalt_17_10_2020__17_35_19.png,no
1560_albisola_19_10_2020__17_43_14.png,no
1562_nw_alvarmontseny_19_10_2020__13_05_50.png,maybe
1564_nw_veulettes_18_10_2020__14_35_06.png,maybe
1569_nw_egypt_18_10_2020__15_19_06.png,yes
1573_campegli_17_10_2020__12_35_02.png,no
1575_bassano_18_10_2020__12_03_36.png,no
1579_nw_alpago_20_10_2020__17_48_03.png,maybe
1592_nw_alpago_19_10_2020__17_21_06.png,yes
1596_rimini_19_10_2020__12_43_21.png,maybe
1623_nw_montalt_19_10_2020__13_20_25.png,maybe
1624_albisola_20_10_2020__10_38_37.png,no
1647_nw_alvarmontseny_19_10_2020__12_05_32.png,yes
1671_albisola_20_10_2020__17_47_53.png,maybe
1678_rimini_20_10_2020__15_34_19.png,maybe
1688_nw_zacinto_19_10_2020__15_28_45.png,no
1689_nw_egypt_18_10_2020__16_56_20.png,maybe
1694_nw_alvarmontseny_18_10_2020__14_35_05.png,no
1699_nw_veulettes2_18_10_2020__14_20_09.png,yes
1702_thuile_17_10_2020__18_11_57.png,yes
1709_nw_alvarmontseny_17_10_2020__17_13_12.png,no
1711_nw_zacinto_19_10_2020__17_43_23.png,no
1720_albisola_19_10_2020__15_21_16.png,yes
1727_nw_veulettes_18_10_2020__16_26_56.png,yes
1730_monfalcone_16_10_2020__11_41_15.png,yes
1733_bassano_18_10_2020__16_04_35.png,yes
1736_nw_veulettes2_18_10_2020__14_49_48.png,yes
1738_nw_alpago_17_10_2020__17_27_51.png,yes
1740_nw_alvarmontseny_18_10_2020__17_18_25.png,maybe
1750_nw_egypt_19_10_2020__17_28_29.png,maybe
1755_campegli_16_10_2020__12_25_00.png,no
1757_thuile2_20_10_2020__15_55_01.png,maybe
1761_nw_egypt_18_10_2020__11_48_45.png,yes
1762_thuile2_20_10_2020__15_23_48.png,yes
1764_albisola_18_10_2020__12_55_41.png,yes
1767_nw_veulettes_18_10_2020__16_56_25.png,yes
1769_nw_alvarmontseny_20_10_2020__15_23_53.png,maybe
1773_nw_veulettes2_17_10_2020__17_49_59.png,maybe
1791_nw_portodiandora_17_10_2020__17_27_53.png,maybe
1793_riccione_17_10_2020__18_19_21.png,maybe
1797_malcesine_19_10_2020__14_04_26.png,no
1807_nw_egypt_18_10_2020__14_20_02.png,yes
1810_rimini_20_10_2020__12_34_35.png,no
1813_nw_veulettes2_18_10_2020__14_27_40.png,maybe
1817_nw_montalt_20_10_2020__15_13_23.png,yes
1820_nw_alpago_19_10_2020__13_27_48.png,yes
1821_nw_dieeksepark_18_10_2020__16_34_20.png,yes
1826_nw_montalt_20_10_2020__16_45_42.png,yes
1828_torbole_18_10_2020__11_56_12.png,yes
1830_nw_alpago_20_10_2020__10_28_25.png,no
1834_rimini_16_10_2020__14_24_47.png,yes
1839_malcesine_18_10_2020__15_42_31.png,no
1841_nw_alvarmontseny_20_10_2020__09_56_16.png,no
1842_nw_poperinge_18_10_2020__14_42_26.png,no
1843_nw_almerehaven_19_10_2020__12_21_25.png,maybe
1845_nw_veulettes2_17_10_2020__17_35_21.png,no
1846_nw_alpago_20_10_2020__16_24_53.png,yes
1859_nw_alvarmontseny_17_10_2020__17_49_58.png,no
1860_nw_montalt_18_10_2020__16_56_24.png,no
1867_nw_portodiandora_17_10_2020__18_04_44.png,yes
1868_nw_montalt_19_10_2020__12_13_45.png,maybe
1870_campegli_19_10_2020__13_05_41.png,maybe
1874_albisola_17_10_2020__15_44_08.png,no
1879_nw_dieeksepark_18_10_2020__15_19_12.png,maybe
1881_malcesine_18_10_2020__11_33_50.png,maybe
1883_nw_zacinto_18_10_2020__16_04_46.png,no
1885_nw_almerehaven_19_10_2020__12_36_04.png,maybe
1890_nw_alvarmontseny_19_10_2020__11_57_25.png,maybe
1895_bassano_18_10_2020__09_52_35.png,no
1900_campegli_16_10_2020__11_52_12.png,maybe
1904_nw_montalt_20_10_2020__16_35_15.png,maybe
1907_nw_alpago_19_10_2020__13_13_05.png,yes
1908_albisola_16_10_2020__14_24_36.png,yes
1915_nw_dieeksepark_20_10_2020__15_03_05.png,no
1925_nw_poperinge_20_10_2020__09_56_18.png,maybe
1944_thuile_18_10_2020__12_48_18.png,yes
1945_nw_montalt_19_10_2020__14_41_08.png,maybe
1954_riccione_17_10_2020__13_05_48.png,maybe
1960_nw_alpago_18_10_2020__16_19_31.png,maybe
1965_malcesine_20_10_2020__09_56_09.png,maybe
1969_nw_alvarmontseny_19_10_2020__14_11_48.png,no
1974_malcesine_19_10_2020__17_58_07.png,no
1976_nw_alpago_18_10_2020__12_11_18.png,no
1981_thuile2_19_10_2020__11_05_17.png,maybe
1984_nw_egypt_20_10_2020__14_52_28.png,maybe
1985_albisola_17_10_2020__17_20_20.png,maybe
1988_albisola_17_10_2020__13_26_26.png,maybe
1989_riccione_17_10_2020__16_58_06.png,maybe
1990_malcesine_19_10_2020__14_18_59.png,no
1991_riccione_16_10_2020__13_06_51.png,no
1992_nw_poperinge_17_10_2020__17_42_42.png,no
1994_nw_alpago_18_10_2020__13_03_19.png,no
1995_torbole_16_10_2020__14_56_13.png,no
1999_nw_poperinge_19_10_2020__15_21_29.png,yes
2001_nw_egypt_18_10_2020__14_57_02.png,yes
2005_nw_veulettes_18_10_2020__16_41_37.png,maybe
2008_nw_egypt_18_10_2020__15_50_00.png,maybe
2010_riccione_18_10_2020__12_26_00.png,no
2011_rimini_19_10_2020__13_35_02.png,no
2017_nw_alvarmontseny_19_10_2020__11_35_16.png,no
2021_nw_montalt_19_10_2020__13_13_07.png,maybe
2022_malcesine_20_10_2020__12_55_26.png,no
2023_nw_dieeksepark_20_10_2020__10_28_31.png,no
2024_nw_alpago_17_10_2020__17_42_35.png,yes
2025_nw_alvarmontseny_19_10_2020__16_28_49.png,no
2026_thuile_17_10_2020__10_20_19.png,yes
2027_nw_veulettes2_20_10_2020__09_45_57.png,maybe
2031_malcesine_20_10_2020__14_52_25.png,no
2032_albisola_18_10_2020__16_04_36.png,maybe
2033_bassano_18_10_2020__12_40_47.png,no
2034_nw_egypt_17_10_2020__14_50_14.png,yes
2036_campegli_16_10_2020__12_03_16.png,no
2038_nw_alvarmontseny_20_10_2020__17_58_24.png,no
2041_nw_almerehaven_18_10_2020__17_11_07.png,maybe
2043_nw_alpago_20_10_2020__10_49_01.png,no
2044_nw_dieeksepark_18_10_2020__16_19_38.png,maybe
2051_nw_alpago_19_10_2020__13_35_07.png,yes
2052_nw_montalt_20_10_2020__17_16_47.png,no
2055_albisola_18_10_2020__09_52_36.png,maybe
2056_malcesine_19_10_2020__16_58_16.png,no
2057_nw_alpago_19_10_2020__16_28_46.png,yes
2058_nw_alvarmontseny_20_10_2020__16_35_15.png,no
2059_rimini_17_10_2020__12_14_16.png,maybe
2060_nw_montalt_18_10_2020__14_27_38.png,no
2062_thuile_19_10_2020__11_35_00.png,no
2063_nw_zacinto_18_10_2020__15_11_50.png,maybe
2064_albisola_20_10_2020__17_06_14.png,yes
2065_riccione_19_10_2020__14_18_57.png,no
2066_nw_veulettes_18_10_2020__16_19_35.png,yes
2070_nw_alvarmontseny_18_10_2020__14_49_47.png,no
2071_nw_veulettes_17_10_2020__17_35_20.png,no
2072_nw_portodiandora_19_10_2020__12_13_39.png,maybe
2074_riccione_18_10_2020__17_10_56.png,no
2075_thuile_19_10_2020__16_36_03.png,no
2076_nw_veulettes2_18_10_2020__12_04_02.png,no
2077_albisola_19_10_2020__16_05_50.png,maybe
2079_nw_egypt_17_10_2020__17_35_17.png,maybe
2089_thuile_18_10_2020__12_26_03.png,yes
2090_albisola_19_10_2020__17_20_50.png,maybe
2091_nw_alvarmontseny_18_10_2020__16_12_13.png,no
2093_bassano_17_10_2020__18_04_27.png,no
2095_thuile_20_10_2020__17_16_42.png,yes
2096_nw_dieeksepark_19_10_2020__12_05_42.png,maybe
2097_rimini_20_10_2020__09_45_41.png,no
2098_nw_poperinge_19_10_2020__11_50_04.png,no
2099_campegli_16_10_2020__12_46_02.png,no
2102_torbole_16_10_2020__11_20_02.png,no
2103_bassano_18_10_2020__11_33_37.png,maybe
2104_malcesine_20_10_2020__17_27_22.png,no
2107_nw_alpago_18_10_2020__16_56_21.png,maybe
2109_nw_veulettes_17_10_2020__17_49_59.png,no
2110_bassano_18_10_2020__12_33_26.png,maybe
2112_nw_egypt_18_10_2020__16_34_12.png,yes
2113_nw_alvarmontseny_18_10_2020__17_03_45.png,maybe
2114_nw_dieeksepark_18_10_2020__17_11_07.png,maybe
2117_thuile_19_10_2020__12_28_35.png,no
2119_bassano_17_10_2020__15_10_51.png,no
2120_albisola_20_10_2020__12_03_22.png,no
2121_albisola_19_10_2020__13_12_58.png,yes
2122_riccione_17_10_2020__18_26_49.png,no
2123_nw_poperinge_20_10_2020__15_44_47.png,no
2124_nw_poperinge_20_10_2020__17_27_28.png,maybe
2125_albisola_20_10_2020__10_48_55.png,no
2127_nw_almerehaven_19_10_2020__17_21_12.png,maybe
2128_malcesine_19_10_2020__12_58_14.png,no
2129_rimini_17_10_2020__18_11_56.png,maybe
2130_thuile2_20_10_2020__16_45_31.png,maybe
2131_nw_montalt_19_10_2020__17_43_25.png,maybe
2132_nw_veulettes2_19_10_2020__11_42_43.png,maybe
2133_nw_alvarmontseny_19_10_2020__16_13_49.png,maybe
2134_nw_dieeksepark_19_10_2020__14_11_50.png,maybe
2135_bassano_18_10_2020__15_49_52.png,yes
2138_malcesine_19_10_2020__13_05_40.png,no
2140_malcesine_20_10_2020__17_37_38.png,no
2146_thuile_17_10_2020__13_05_51.png,yes
2147_nw_alpago_18_10_2020__09_52_44.png,no
2149_nw_alvarmontseny_19_10_2020__15_43_41.png,yes
2150_albisola_19_10_2020__11_42_25.png,no
2151_nw_alpago_20_10_2020__15_34_24.png,yes
2153_nw_alpago_18_10_2020__15_19_06.png,maybe
2154_nw_portodiandora_17_10_2020__17_20_35.png,maybe
2158_malcesine_17_10_2020__14_18_03.png,no
2159_thuile2_18_10_2020__17_03_39.png,maybe
2163_malcesine_20_10_2020__12_03_26.png,no
2166_nw_veulettes_17_10_2020__18_19_35.png,no
2170_bassano_17_10_2020__16_58_03.png,no
2171_nw_dieeksepark_19_10_2020__11_05_27.png,maybe
2172_nw_zacinto_19_10_2020__13_20_23.png,no
2173_thuile_19_10_2020__16_21_10.png,no
2177_albisola_19_10_2020__13_27_33.png,yes
2179_albisola_19_10_2020__15_28_38.png,maybe
2191_nw_alvarmontseny_19_10_2020__12_50_57.png,maybe
2196_nw_veulettes2_19_10_2020__13_57_16.png,maybe
2197_rimini_18_10_2020__16_34_08.png,no
2198_malcesine_16_10_2020__11_20_04.png,no
2200_nw_veulettes_18_10_2020__15_42_39.png,maybe
2201_albisola_20_10_2020__16_14_21.png,yes
2206_nw_veulettes2_18_10_2020__15_42_39.png,yes
2207_nw_alpago_20_10_2020__16_45_40.png,maybe
2208_nw_egypt_20_10_2020__12_55_28.png,yes
2210_campegli_19_10_2020__16_21_12.png,maybe
2212_nw_zacinto_20_10_2020__10_17_42.png,no
2216_rimini_19_10_2020__16_05_59.png,no
